"","group","sigma","alpha","z"
"1","Bembidion",2.37731498698069,0.389923408323576,24.1449733390761
"2","Bembidion",1.07231182272562,0.173060809220039,24.1339941959096
"3","Bembidion",0.305253313906781,5.530429812935e-17,17.1173764761801
"4","Bembidion",0.290246182536862,2.7966350951786e-17,25.4174989820368
"5","Bembidion",1.25378144782492,0.201720414624603,24.1286992846823
"6","Bembidion",0.361294352746693,5.09030150037919e-17,24.8602083737137
"7","Bembidion",0.22757601325097,1.18189035917085e-16,24.3561975071981
"8","Bembidion",0.32181148199255,0.0484545475562714,24.2466957699268
"9","Bembidion",0.345842510932931,1.43334547252781e-17,18.2763975071159
"10","Bembidion",0.17407556452097,8.41141195042618e-17,24.4594824157546
"11","Bembidion",0.763794868420987,0.119684966493633,24.1330590452766
"12","Bembidion",3.3385880374712,0.546106050898189,24.1371540932489
"13","Bembidion",0.735034024421895,0.118513884255306,24.149240954694
"14","Bembidion",0.216887536954133,4.9969266988695e-16,20.7721908076685
"15","Bembidion",0.203084872314725,2.11052775270615e-17,24.3403268910526
"16","Bembidion",1.2521162436279,0.203658461304784,24.13182485807
"17","Bembidion",0.347856434021061,0.0532732689249409,24.1938394052928
"18","Bembidion",0.67284482968275,1.7557922801058e-17,9.52472462286867
"19","Bembidion",0.283715927782391,9.6592271775779e-17,22.1128349841401
"20","Bembidion",0.288841200959381,2.55907044773578e-16,26.1617868575216
"21","Bembidion",0.131548194723256,6.5729889489444e-17,24.5629498567965
"22","Bembidion",0.627784367859863,0.0965776530172132,24.1536683527816
"23","Bembidion",0.178006768551787,3.26154442996188e-17,24.6008811441221
"24","Bembidion",0.187556269954552,2.95281605907201e-17,24.5496221608397
"25","Bembidion",0.139567629371599,3.48312724881025e-17,24.6555910214315
"26","Bembidion",0.425451721264163,1.22165772147274e-16,17.2958406968511
"27","Bembidion",0.659183557008591,0.100377385135224,24.236654729402
"28","Bembidion",0.803144640761959,2.99339260772006e-17,25.3079665912517
"29","Bembidion",0.140061018987025,1.6090943108171e-16,24.4874278057948
"30","Bembidion",0.963647112887255,0.154919117322086,24.1374891778828
"31","Bembidion",0.656335230127981,0.102400906574209,24.1973259844007
"32","Bembidion",4.34717631680245,0.713240334944861,24.1417071936967
"33","Bembidion",0.227132295802185,4.96471377915344e-17,23.9036144017985
"34","Bembidion",0.262941459147579,3.25051380270096e-17,24.4857247809663
"35","Bembidion",0.223656047383477,4.05526855828429e-17,24.4035313999403
"36","Bembidion",0.186597623788229,3.96342609651399e-17,26.7881991380833
"37","Bembidion",0.627740367626677,0.096148110212671,24.1113528199764
"38","Bembidion",1.65061622308278,0.269768849433381,24.1325197862127
"39","Bembidion",0.204933058253423,1.29841643164251e-15,24.5483172804487
"40","Bembidion",1.84391526123762,0.301236007900138,24.1297710583188
"41","Bembidion",0.471203044234374,0.0728174588635494,24.1647745536503
"42","Bembidion",0.301033860740506,2.36188095374532e-17,22.5035043110858
"43","Bembidion",0.186771940751383,8.10725122809318e-17,24.4379057625682
"44","Bembidion",0.55223106090842,0.0799120320479221,24.1878134120876
"45","Bembidion",0.22032065151171,2.94639043073793e-17,23.5767796953606
"46","Bembidion",0.209892766518628,5.70434306379336e-17,24.5849406935529
"47","Bembidion",0.214020718385843,4.64391971519427e-17,23.7052583908928
"48","Bembidion",1.00887153525081,0.1633010798775,24.1500328581184
"49","Bembidion",2.09615642348687,0.347684077300523,24.1604873667812
"50","Bembidion",0.153748875517172,5.76205252933876e-17,24.0758686536138
"51","Bembidion",0.37432088896715,0.0566985892793581,24.2226750872743
"52","Bembidion",1.53380187322708,0.249796473655795,24.1391153458361
"53","Bembidion",0.271972287621382,1.14009567977918e-17,17.5162694600209
"54","Bembidion",0.2440219455566,6.18125443812422e-17,24.453406946358
"55","Bembidion",0.596456631458207,0.091467999212048,24.1379445526533
"56","Bembidion",0.269573209871528,5.22069584699004e-16,24.4791328250925
"57","Bembidion",0.153017285410989,2.00262003149448e-17,23.4823110082607
"58","Bembidion",0.178940222746386,5.37817463454787e-17,23.859143008238
"59","Bembidion",0.509105508158924,0.0796553559628493,24.1282595342593
"60","Bembidion",0.828449535971832,0.135349088608905,24.150850205281
"61","Bembidion",0.153263473973741,1.01368654070956e-16,24.5263456601336
"62","Bembidion",0.131843656068961,7.9534526846633e-17,23.6999062729935
"63","Bembidion",0.142144593415907,1.00732444784655e-16,24.5805640442064
"64","Bembidion",2.83874704158363,0.466240936643512,24.1439015302169
"65","Bembidion",0.691869307867609,0.111928556271662,24.1677873410216
"66","Bembidion",0.465281796566918,0.073182525837069,24.1582292194507
"67","Bembidion",0.342340754628063,0.0532527529263126,24.2019875886123
"68","Bembidion",0.175860827101163,1.83750573747476e-17,22.7928590027556
"69","Bembidion",0.190208901892568,4.01177687293938e-17,14.4798188589481
"70","Bembidion",0.134899717568557,2.33374561288357e-17,21.224328541417
"71","Bembidion",0.179775194203654,6.63949334669156e-17,24.5539868281684
"72","Bembidion",0.166154305624146,6.05353636438666e-17,24.5036501396113
"73","Bembidion",0.782045341605022,0.120814660254939,24.1046306918432
"74","Bembidion",1.28077640275613,0.203805153521413,24.1219171725727
"75","Bembidion",0.116804839623967,2.70540753965718e-17,24.5820773901705
"76","Bembidion",0.160785544865363,9.14666413769564e-17,24.4340294305168
"77","Bembidion",0.329715428102665,1.93102527758402e-17,19.3536319101661
"78","Bembidion",0.177095001666961,2.74535477511027e-17,24.7443813400818
"79","Bembidion",10.9405223842876,1.7473875735298,24.2018920298299
"80","Bembidion",0.15189446516487,2.5381387233063e-16,25.0193198563055
"81","Bembidion",0.479900255029642,0.0717439720500413,24.1503789452801
"82","Bembidion",0.245579769213544,2.52661629567107e-17,18.1893883240911
"83","Bembidion",0.353336332224996,1.99592265713478e-17,6.51569117440952
"84","Bembidion",0.596454664673683,0.0914496767156561,24.2121310562691
"85","Bembidion",0.281273021120268,1.24299177723206e-17,24.6651726891025
"86","Bembidion",0.110745381761761,2.76514116030313e-17,24.6349515251462
"87","Bembidion",0.193227311302617,2.39523590177497e-17,16.7278877937952
"88","Bembidion",0.287291380109483,0.0423585381724628,24.2939933166774
"89","Bembidion",0.171205482619008,3.95820614063031e-17,22.7992014496235
"90","Bembidion",1.03399776813573,0.162194995415919,24.1174577914619
"91","Bembidion",0.171516694736182,5.71635284625793e-17,24.3533446480059
"92","Bembidion",0.196079318890983,6.07348515610116e-17,24.4576572124032
"93","Bembidion",0.131046362244619,1.87075358267607e-17,24.4641111296487
"94","Bembidion",1.01994548565773,0.162436926333243,24.1360694794258
"95","Bembidion",1.26524032449869,0.202148846349728,24.1280806231592
"96","Bembidion",0.198483268856243,5.86954669015701e-17,31.1794567541462
"97","Bembidion",0.432898411092257,0.0684809949328237,24.1770452722342
"98","Bembidion",1.09030227753325,0.178525042187525,24.1440277788417
"99","Bembidion",0.176695099342488,2.62220670232337e-17,24.459121438281
"100","Bembidion",0.285250136168511,2.04259818483683e-16,22.8806245548709
"101","Carabidae",486.320141102216,2.71828159484549,31.5817522077744
"102","Carabidae",35.6703023989089,0.193505468147185,31.370994191311
"103","Carabidae",6.03667759284897,0.0301437256056315,31.0652774520378
"104","Carabidae",7.2509347179684,0.0365672656877282,31.0348569423919
"105","Carabidae",3.88793196545203,0.0213112062009962,30.4559842151847
"106","Carabidae",5.52770098861852,0.0287071222093569,31.0991577828294
"107","Carabidae",9.18989418568422,0.0470668689244839,31.3468903267101
"108","Carabidae",266.79988636692,1.49809656187786,31.5521418378257
"109","Carabidae",7.31771247049746,0.0378797967414487,31.2146095455985
"110","Carabidae",3.62024601199335,0.020660371130439,30.2601329733906
"111","Carabidae",12.5353766143185,0.0658420691360587,31.4837408199936
"112","Carabidae",5.7898218875862,0.0282467322428448,31.4607959309958
"113","Carabidae",3.81821120699507,0.0203247940770478,30.3847152660794
"114","Carabidae",6.57206894871013,0.0322972682199503,31.1059470928031
"115","Carabidae",487.2861772142,2.71828181325831,31.53382895976
"116","Carabidae",3.83186597430159,0.0204252117895175,30.302892790538
"117","Carabidae",5.509858716735,0.0265677785234462,31.1994629879308
"118","Carabidae",4.21532353868341,0.0228695369332573,30.618852446317
"119","Carabidae",5.40095902029552,0.0277724971745811,30.8554971423615
"120","Carabidae",4.28797275197023,0.0225040927148648,31.2583295619146
"121","Carabidae",483.793606684776,2.71828060651956,31.5149079219268
"122","Carabidae",7.86278529822178,0.040134286356489,31.2465048217695
"123","Carabidae",19.1346463019326,0.102502180912445,31.4322742164702
"124","Carabidae",2.33009777471357,3.13649174689253e-17,23.4147374882235
"125","Carabidae",4.4697633337324,0.0232142783848903,30.7263715031603
"126","Carabidae",5.68250598009728,0.0292064698686305,31.0208221556241
"127","Carabidae",11.1320718818157,0.0578236055578104,31.5246931454599
"128","Carabidae",8.55542519321483,0.0428731518644402,31.1578229323815
"129","Carabidae",2.93427615393468,0.0165766264343962,30.4455260787244
"130","Carabidae",5.86952450937268,0.0293951771850905,30.6664163491034
"131","Carabidae",196.564922221157,1.09254755425096,31.5694845595138
"132","Carabidae",6.19241200784359,0.0303597171419501,30.9799172712735
"133","Carabidae",3.92958254887317,0.0212283190980771,30.55113267647
"134","Carabidae",4.84998692411619,0.024662620907039,30.627914440228
"135","Carabidae",4.09021589690448,0.0227575141515269,30.6579266331865
"136","Carabidae",4.82848485143028,0.0254726751563944,30.3486742321228
"137","Carabidae",6.26545276882983,0.0308233630013478,31.1181065404256
"138","Carabidae",1.21554734602779,2.95307295161308e-18,29.3706707749108
"139","Carabidae",12.0127193746138,0.0635040450162144,31.2644435545593
"140","Carabidae",6.15333227146533,0.0310478634150714,30.9036057732703
"141","Carabidae",7.64772615617137,0.0369767501364435,31.2204437208328
"142","Carabidae",4.68941543466486,0.0243516875407863,30.7687307774139
"143","Carabidae",36.57228023754,0.199766200077759,31.4277999039737
"144","Carabidae",5.45657359316227,0.0286902404700251,30.8792577840599
"145","Carabidae",4.20243429157836,0.022254149309626,30.2891902406177
"146","Carabidae",8.62372380985489,0.0436019346227866,31.2558933428182
"147","Carabidae",24.403177710048,0.133636937249536,31.3851355705895
"148","Carabidae",5.41794937278092,0.0269400752092583,30.961686591303
"149","Carabidae",4.01116489236349,0.021434176809994,30.5022726206097
"150","Carabidae",42.3134854633524,0.232057940413616,31.4094137816502
"151","Carabidae",8.32227623170475,0.0446954187430142,31.4340226668366
"152","Carabidae",33.9095369653066,0.186207865294478,31.4077019769437
"153","Carabidae",32.5674633346954,0.175204572210553,31.3502891552122
"154","Carabidae",487.434842799638,2.71828182845905,31.5974957574938
"155","Carabidae",7.59520981416137,0.0381970720706928,31.3820065907042
"156","Carabidae",25.3478007638472,0.138228998137513,31.5330110690169
"157","Carabidae",48.7969911964493,0.270721758239195,31.379632088541
"158","Carabidae",2.03274452557086,3.31440521420935e-17,28.8529734451934
"159","Carabidae",8.83317238502365,0.0452037126581284,31.6342751016983
"160","Carabidae",5.65233849408722,0.0283000234109042,31.383245768555
"161","Carabidae",6.58808718248892,0.034167905648385,31.4536019647583
"162","Carabidae",5.98203864831033,0.0300267092260854,31.4313513572654
"163","Carabidae",3.28566725396414,0.0167049202503008,31.29600149772
"164","Carabidae",14.760459242707,0.0794050672308017,31.4222208033916
"165","Carabidae",8.36424786581158,0.0431777929487353,31.0430650238343
"166","Carabidae",6.70481688345414,0.0345474825792611,31.3620390056196
"167","Carabidae",4.55964239304711,0.0221989241507234,31.2366357222307
"168","Carabidae",9.02455648813935,0.0465587838375373,31.5094529301674
"169","Carabidae",18.1113899928441,0.0967588486137216,31.4432724639868
"170","Carabidae",13.926229374757,0.0732341203498548,31.6219740977033
"171","Carabidae",20.3854854679642,0.112126850758808,31.250264722992
"172","Carabidae",8.85407366831384,0.0450908120721254,31.6867634202853
"173","Carabidae",4.64610701897795,0.0231695127135544,30.8259523755291
"174","Carabidae",14.4620643574997,0.0781027087847939,31.2457552353639
"175","Carabidae",232.574616243173,1.29340638434455,31.4613851897678
"176","Carabidae",22.0592634300924,0.117478229428233,31.4073796092269
"177","Carabidae",14.7278475418901,0.0791355352657827,31.3446036065199
"178","Carabidae",483.733258664567,2.71828172228255,31.5515813262424
"179","Carabidae",60.9328260815947,0.3350591574976,31.4266852413748
"180","Carabidae",109.090973510093,0.615364267119326,31.4485494612818
"181","Carabidae",5.85642966219596,0.0288041113574493,30.9558449569563
"182","Carabidae",5.73901307488713,0.0288475233896425,31.381515724498
"183","Carabidae",8.85706754324373,0.0450370795652574,31.4553384171611
"184","Carabidae",12.7358481330348,0.0682570365261113,31.4080161464247
"185","Carabidae",486.133560793194,2.71828171264348,31.5916787166721
"186","Carabidae",484.612497169423,2.71828060139192,31.5781010785945
"187","Carabidae",22.0528816199675,0.120301031898415,31.2364232161706
"188","Carabidae",5.56605758151639,0.0277301890994583,31.4981411374245
"189","Carabidae",4.050609950043,0.021083243376602,30.877328494227
"190","Carabidae",6.30315901060031,0.0310577229166208,31.2168925929694
"191","Carabidae",486.651177985589,2.71828174132853,31.5433684733557
"192","Carabidae",37.3036801704102,0.213136113010744,31.3950841907237
"193","Carabidae",4.02266922989207,0.0203431958598816,30.8007838834454
"194","Carabidae",5.96298465877927,0.030865402900806,31.2920744055698
"195","Carabidae",4.34165410557981,0.0226219407444952,30.5963252417733
"196","Carabidae",24.706377910528,0.13397546242637,31.5346856721646
"197","Carabidae",50.563819919892,0.278977174145495,31.3804745522243
"198","Carabidae",483.933422704487,2.71828131971347,31.5401577158631
"199","Carabidae",4.79465295506348,0.0243786698596811,30.9065324849932
"200","Carabidae",223.044060766557,1.25470745339038,31.5543742499392
"201","Chrysolina",0.453488304580829,1.11814996061224e-17,30.5359931699379
"202","Chrysolina",0.471743320065189,1.69861743376478e-17,32.2331246690457
"203","Chrysolina",0.441886494171489,2.30208991207075e-17,31.6082110994079
"204","Chrysolina",0.489954579690993,7.95262352611522e-18,31.4820042488929
"205","Chrysolina",0.499059563053298,2.41118377926573e-17,31.9832881710098
"206","Chrysolina",0.597318864636629,1.39520562938593e-17,32.4632057672237
"207","Chrysolina",0.598581817285899,2.53081777206718e-17,32.3927664424397
"208","Chrysolina",0.452615957790684,3.6904281480785e-18,31.4926214316698
"209","Chrysolina",0.479948160989825,5.92340129175191e-18,32.2316647012686
"210","Chrysolina",0.509219474121267,8.92738107446842e-18,32.4402206695963
"211","Chrysolina",0.576433095734233,1.7784696212207e-17,31.7601029723262
"212","Chrysolina",0.513523677299408,1.99686345788911e-17,31.6010825319061
"213","Chrysolina",0.497393831716281,1.19124869185885e-17,32.2036092201204
"214","Chrysolina",0.436169804852414,2.21795292140477e-17,32.0353019088666
"215","Chrysolina",0.494776791447864,1.07394699217365e-17,31.8165097005932
"216","Chrysolina",0.617009085385929,1.19378393598292e-17,31.9864964586343
"217","Chrysolina",0.490343758431212,9.97853040004617e-18,31.6850003201366
"218","Chrysolina",0.52898321079316,9.70356584217134e-18,33.467612249438
"219","Chrysolina",0.524374221687171,9.53977448164191e-18,33.3681552043288
"220","Chrysolina",0.468744888964743,9.408598313127e-18,30.6192881777499
"221","Chrysolina",0.51869641098014,2.03204785618068e-17,32.2947547763916
"222","Chrysolina",0.609568601478744,3.33892210860398e-17,31.470877895733
"223","Chrysolina",0.437780759531567,1.24526255535227e-17,31.9304264987433
"224","Chrysolina",0.493189128857074,5.95053489415013e-17,32.0902854123504
"225","Chrysolina",0.507794872757965,2.13892594332656e-17,32.4785066368604
"226","Chrysolina",0.541372063796307,1.04184845766217e-17,32.6821948785238
"227","Chrysolina",0.548165246192399,1.24654823687618e-17,31.7467379514264
"228","Chrysolina",0.927900334446691,5.69452171096648e-18,25.4644153960132
"229","Chrysolina",0.553006344054395,1.95459268422278e-17,32.2441994379057
"230","Chrysolina",0.475716227813108,7.0932435909863e-18,32.4443215636097
"231","Chrysolina",0.577052815544163,1.98715315146066e-17,31.6025941560297
"232","Chrysolina",0.482376303934322,2.02424788409504e-17,31.6301600837313
"233","Chrysolina",0.436485044808446,1.76966414031274e-17,32.3063662614941
"234","Chrysolina",0.558207713267638,6.77553262664057e-18,33.5739053104947
"235","Chrysolina",0.528739260622368,8.65633865382729e-18,30.8210487157866
"236","Chrysolina",0.507486073797502,7.83664865745874e-18,32.4082958401426
"237","Chrysolina",0.410952298356097,1.08266443992306e-17,30.8734521128333
"238","Chrysolina",0.628080186313532,8.5754666494995e-18,32.2918110204071
"239","Chrysolina",0.518038207096885,4.67094776633401e-17,32.4602857899186
"240","Chrysolina",0.64340275771074,1.70155521139389e-17,32.2377360799348
"241","Chrysolina",0.464568494240172,2.713566989478e-17,31.9367887119669
"242","Chrysolina",0.615626101777963,3.69989190714512e-17,32.982696190131
"243","Chrysolina",0.657919199271915,2.11800253841365e-17,31.3876079834864
"244","Chrysolina",0.543824331467024,6.70419991849736e-18,31.0729580167716
"245","Chrysolina",0.482854759657169,8.30432704643282e-18,31.8862839339096
"246","Chrysolina",0.654016363046196,3.1387560052958e-17,31.0317718336926
"247","Chrysolina",0.456987664875097,8.42666874935662e-18,31.700373630827
"248","Chrysolina",0.610028680304003,2.53242249979008e-18,30.8230860704753
"249","Chrysolina",0.726069549658656,2.09897814483362e-17,31.9647559428534
"250","Chrysolina",0.455353016446917,2.78624955765228e-17,32.2378490463832
"251","Chrysolina",0.552581487196483,1.11570045036132e-17,29.5101479294195
"252","Chrysolina",0.529936676075121,8.7738381994811e-18,29.6889180267958
"253","Chrysolina",0.929458309631464,7.68671009452027e-18,15.1081980151841
"254","Chrysolina",0.56934486922721,1.95754281508936e-17,29.4457502830286
"255","Chrysolina",0.638570345015169,7.11833494569666e-18,30.4338326477286
"256","Chrysolina",0.635145064247516,8.9653114496233e-18,31.0793398491758
"257","Chrysolina",0.503804737707377,8.35026606198918e-18,30.8767615621636
"258","Chrysolina",0.605110699214792,1.07868409188969e-17,29.3402139872739
"259","Chrysolina",1.51272995545372,7.91049439937677e-18,4.50669789121929
"260","Chrysolina",0.534140566306961,1.28512600399063e-17,29.9374368167349
"261","Chrysolina",0.471152620880306,2.16019694737592e-17,29.2274610634914
"262","Chrysolina",0.438502662336313,9.50131764634045e-18,30.6580604941435
"263","Chrysolina",0.569887154575843,1.82171570125968e-17,31.0487406371563
"264","Chrysolina",0.463797173641652,1.75492178075613e-18,29.5104939398613
"265","Chrysolina",0.43949749471033,1.21603651923686e-17,29.8168438003195
"266","Chrysolina",0.534834167194426,8.74908966847379e-18,30.2983455757963
"267","Chrysolina",0.515010310378327,6.43141485588092e-18,29.6469662326759
"268","Chrysolina",0.443236891161829,3.41670319126081e-18,30.3269844093707
"269","Chrysolina",0.435136360008582,1.11557269634802e-17,30.542013008867
"270","Chrysolina",0.514143587732471,3.56261766424184e-18,30.3263962883795
"271","Chrysolina",0.587599609723805,4.4795988383316e-17,29.3382521939115
"272","Chrysolina",0.451162134036042,4.38408299069995e-18,29.7587212522634
"273","Chrysolina",0.528801865288911,7.32831018727217e-18,30.6207099218819
"274","Chrysolina",0.46940730388118,5.17003285533292e-18,30.3021124105855
"275","Chrysolina",0.435281722704404,2.84020771499035e-17,29.8859942071802
"276","Chrysolina",0.5751160547084,5.94264079639751e-18,30.3526418953352
"277","Chrysolina",0.440173308632721,2.2439739478806e-17,29.2093188005599
"278","Chrysolina",0.553410900560622,2.21781068778956e-17,30.4669782470871
"279","Chrysolina",0.56542201483109,4.75010327879858e-17,30.0098438554975
"280","Chrysolina",0.535915498581923,1.77627148729038e-17,30.2272052395431
"281","Chrysolina",0.521381503758594,2.08805470966156e-17,31.0009086006366
"282","Chrysolina",0.486408894155287,1.52675410005778e-17,30.0811014998994
"283","Chrysolina",0.422194200381706,1.01759290585939e-17,30.0338464803119
"284","Chrysolina",0.628879281342836,4.00486840350717e-17,30.894415933242
"285","Chrysolina",0.942115352413881,8.69221387713063e-18,16.0265572548637
"286","Chrysolina",0.527607054258299,1.31465775197629e-17,30.288152460555
"287","Chrysolina",0.480679249259433,6.8234102183015e-18,29.8684644921905
"288","Chrysolina",0.51305989315367,1.00743750361256e-17,29.0678819422148
"289","Chrysolina",0.580569593252786,1.27227451655021e-17,29.4965686811706
"290","Chrysolina",0.444514618548185,3.06693306926519e-18,31.2856466038119
"291","Chrysolina",0.508540451743829,1.71091176059487e-17,30.1402164483419
"292","Chrysolina",0.467248569132684,7.82804048967754e-18,30.6876626187419
"293","Chrysolina",0.560415332039408,2.33056638866806e-17,29.7439705037396
"294","Chrysolina",0.525834275503271,1.66789502077707e-17,29.5873438935654
"295","Chrysolina",0.635008980521181,9.69201297296238e-18,29.7782299239721
"296","Chrysolina",0.544982967089186,8.77704563522165e-18,29.938234544614
"297","Chrysolina",0.464455931132654,1.22889569811124e-17,30.1158370535805
"298","Chrysolina",0.501589045060629,1.12993226186454e-17,30.6149968417778
"299","Chrysolina",0.559568656478615,6.29332535362002e-17,30.7976524448609
"300","Chrysolina",0.646502758873826,2.37389407937797e-17,30.8292208847807
"301","Chrysomelidae",0.67016565235123,2.47807719967805e-16,33.1536618768144
"302","Chrysomelidae",0.658425092610072,6.54334423156201e-16,31.1447237258507
"303","Chrysomelidae",1.17881807404871,0.00950793160846833,25.1828622394934
"304","Chrysomelidae",1.26971083312845,0.0102710146184987,25.4064541500068
"305","Chrysomelidae",0.735741963032599,1.41102803687854e-16,25.4274575910443
"306","Chrysomelidae",2.52926774132744,0.0194677750850565,26.0525099881802
"307","Chrysomelidae",2.49721251227825,0.0193061830469632,25.8869256804189
"308","Chrysomelidae",1.64182578749952,0.012832393412608,25.6568532960156
"309","Chrysomelidae",1.70185409316512,0.0134878189456613,25.4600632978948
"310","Chrysomelidae",0.573183596037907,1.52467784183023e-16,31.2391354316726
"311","Chrysomelidae",0.639408991297086,7.31467818161759e-18,25.3588026814333
"312","Chrysomelidae",40.7555284179137,0.354007722310287,26.2823136560743
"313","Chrysomelidae",0.63758293488765,3.92709278095453e-16,13.9586607605004
"314","Chrysomelidae",1.40667792407135,0.0112698979830547,25.3895317707524
"315","Chrysomelidae",2.23223150292496,0.0171105955897662,25.9960407377399
"316","Chrysomelidae",2.10734370382693,0.0164485755773726,25.8903935533806
"317","Chrysomelidae",1.22843817250575,0.00950943261484033,25.4203630299281
"318","Chrysomelidae",10.9855717240168,0.0935744907620129,26.3580894012154
"319","Chrysomelidae",1.3683687443734,0.0107617609184623,25.4628968121098
"320","Chrysomelidae",1.0994855592426,8.23135572904866e-17,25.5476728691232
"321","Chrysomelidae",1.64244910165891,0.0131084956661997,25.6771499954053
"322","Chrysomelidae",311.855178375464,2.71828180280767,26.2249268787846
"323","Chrysomelidae",0.737865435474232,5.76473737421938e-17,25.0480205606936
"324","Chrysomelidae",1.18660680024783,0.0097267712638572,25.4854407689659
"325","Chrysomelidae",1.98775944375283,0.0156436026328023,25.8624949606534
"326","Chrysomelidae",1.30975632181928,0.0104440173667227,25.3867107334749
"327","Chrysomelidae",25.6053910688254,0.21909174701537,26.2465456365439
"328","Chrysomelidae",1.54141390310414,0.0124691239541349,25.6426810952528
"329","Chrysomelidae",1.86565788711181,0.0149455126815095,25.9078315684045
"330","Chrysomelidae",0.86736766791015,3.02135845435485e-17,20.6465157540837
"331","Chrysomelidae",1.04518007813797,0.00792288569067214,24.9816232366452
"332","Chrysomelidae",0.840785401851654,1.10716976489028e-16,25.2784076433834
"333","Chrysomelidae",1.61494104842715,0.0127491505724821,25.5143547071362
"334","Chrysomelidae",1.63677220584396,0.0130063419764778,25.7086841339386
"335","Chrysomelidae",0.685008381301336,7.58023121579647e-18,25.5016381263557
"336","Chrysomelidae",0.627270610390689,7.47676393847745e-18,25.1857290664103
"337","Chrysomelidae",1.12729885354257,0.00901380339725147,25.122027612136
"338","Chrysomelidae",1.62859358919782,0.0131166873500345,25.773380626028
"339","Chrysomelidae",97.4447198100685,0.849845308709272,26.231637537475
"340","Chrysomelidae",3.21486865193655,0.0245311178337621,26.1174834099124
"341","Chrysomelidae",314.027893947587,2.71828181062526,26.2257995728982
"342","Chrysomelidae",1.49316595896445,0.0116978607023521,25.5680283268363
"343","Chrysomelidae",0.608984422306151,3.76697007433118e-18,25.1720464938445
"344","Chrysomelidae",2.26774864080482,0.0172939905119403,26.0960849031819
"345","Chrysomelidae",371.171735517174,2.71828182845905,26.2349208554063
"346","Chrysomelidae",2.38636976242483,0.0184767618111184,25.7827639919249
"347","Chrysomelidae",3.09009050603357,0.0232634228761657,26.2520966535415
"348","Chrysomelidae",2.76140765196255,0.0212707719740628,26.0721172309643
"349","Chrysomelidae",1.79805953560001,0.0143223755534988,25.8415497964763
"350","Chrysomelidae",0.763723998507461,5.87094475245559e-16,25.3845720262918
"351","Chrysomelidae",1.10370229660143,0.00902451007464592,25.3559563922445
"352","Chrysomelidae",1.42490345102631,0.0114467498951819,25.440033889574
"353","Chrysomelidae",1.08336683561637,0.00893227899237795,24.926582396657
"354","Chrysomelidae",0.594879023481634,6.25945759244605e-18,25.3147625919877
"355","Chrysomelidae",1.18798643574818,0.00959482805327922,25.4328657373642
"356","Chrysomelidae",0.743907710077297,1.15455326878901e-16,15.955724726565
"357","Chrysomelidae",1.9455105427771,0.0152178388100222,25.6123889354091
"358","Chrysomelidae",0.735085967243031,1.37446196865487e-16,29.4402372744644
"359","Chrysomelidae",2.21318864637845,0.0177765701392268,25.9600415950875
"360","Chrysomelidae",1.05731966093787,0.0085010796674637,25.3675462149595
"361","Chrysomelidae",312.966220453007,2.71828135227062,26.2350299910931
"362","Chrysomelidae",1.26170481652438,0.0101725827837767,25.278491608626
"363","Chrysomelidae",1.35480818770488,0.0109541870989177,25.0980066621904
"364","Chrysomelidae",0.684313800449074,1.12155441607486e-17,25.0573916772768
"365","Chrysomelidae",25.744331879021,0.222708667853912,26.1797591246717
"366","Chrysomelidae",1.40445646525289,0.0115241197765325,25.2818742716561
"367","Chrysomelidae",1.40199613796796,0.0116067204467787,25.3957399866414
"368","Chrysomelidae",0.688909246970994,8.79295774487259e-17,9.17772714165894
"369","Chrysomelidae",1.38762563753427,0.0117013901197739,25.4572246176209
"370","Chrysomelidae",0.830337965424085,1.41024634345345e-17,19.204009683737
"371","Chrysomelidae",0.701340844059335,4.40841458812357e-17,15.6841136239451
"372","Chrysomelidae",1.700355548445,0.0134792191812983,25.4702705616589
"373","Chrysomelidae",0.661560266942011,5.74964642024319e-17,24.8025108086411
"374","Chrysomelidae",311.375004016397,2.71827834117378,26.2209588904174
"375","Chrysomelidae",2.51347152230541,0.0201777023815923,25.8884944404722
"376","Chrysomelidae",2.07539535302878,0.0167260368339579,25.9056324878038
"377","Chrysomelidae",1.99762553294911,0.0158956547202086,25.8566472248974
"378","Chrysomelidae",2.30850447704236,0.0178000867520751,25.8710571106905
"379","Chrysomelidae",1.175255510424,0.00960077723610612,25.2552368255524
"380","Chrysomelidae",1.22915531111123,0.0101382962612749,25.2340554488826
"381","Chrysomelidae",1.74965660544111,0.0142455202547593,25.8097693216862
"382","Chrysomelidae",125.263659804766,1.09078900166269,26.2303373549834
"383","Chrysomelidae",72.1872579223996,0.628447077041768,26.1913867143633
"384","Chrysomelidae",0.676121654134367,3.54702408848494e-17,24.7519758867617
"385","Chrysomelidae",0.664738733335627,5.36636346867279e-17,19.6600701746204
"386","Chrysomelidae",1.25947757462252,0.0106571924996245,25.2206541558666
"387","Chrysomelidae",1.97849200880053,0.0158339902088566,25.7360983122385
"388","Chrysomelidae",1.50820505783295,0.0123874966239209,25.6545453833436
"389","Chrysomelidae",0.514123772924625,2.56629926734606e-18,25.3165240287099
"390","Chrysomelidae",3.22779179898181,0.0255232627715352,26.131398808193
"391","Chrysomelidae",1.03658682243338,0.00815534365149319,25.7143866275811
"392","Chrysomelidae",0.962675077691254,0.00720347315280418,25.2017068714685
"393","Chrysomelidae",1.89054500507348,0.0154086756060133,25.7594519822842
"394","Chrysomelidae",1.22457882483519,0.0099422041486153,25.4999586683707
"395","Chrysomelidae",0.652517993389542,2.83689882709651e-16,19.6869405329842
"396","Chrysomelidae",1.40658715482827,0.0115774012781722,25.3991341555273
"397","Chrysomelidae",1.66114029906084,0.0136481823710795,25.5009417933352
"398","Chrysomelidae",1.45065616439467,0.0119473121559304,25.387610082976
"399","Chrysomelidae",1.78937920902212,0.0145488635116916,25.7626672907778
"400","Chrysomelidae",1.37904588657524,0.0108360381645726,25.1089290259253
"401","Cicindela",0.365001590255544,1.0023791160821e-17,26.3630923134328
"402","Cicindela",0.379652649308383,8.34202844111288e-18,26.3143356049573
"403","Cicindela",0.368855472993391,4.52572577328656e-18,26.7339490658571
"404","Cicindela",0.433216170799668,2.67742881678897e-17,27.6321621397475
"405","Cicindela",0.413737870180585,1.21242202452757e-17,26.6427717357822
"406","Cicindela",1.0244248113341,0.0120530127453776,24.9047775912818
"407","Cicindela",0.334143833774271,3.91138502606604e-17,26.9570925009882
"408","Cicindela",0.40699545911076,4.38100117043471e-17,26.36396153783
"409","Cicindela",0.390339632196289,1.25413846581588e-17,26.2416201595263
"410","Cicindela",0.358830431728807,1.42606978450333e-17,26.6175157069703
"411","Cicindela",0.285344260921493,3.73347999856195e-17,26.655478156095
"412","Cicindela",0.428413807656117,7.67518697397788e-18,26.9797785972987
"413","Cicindela",0.392748022552132,3.32482762058225e-17,26.8904412315685
"414","Cicindela",0.465087935695576,8.54267984411277e-18,27.0241546426487
"415","Cicindela",0.363080531580757,5.39186567780085e-18,25.4635614622561
"416","Cicindela",0.356400809489763,4.74798964108859e-18,25.4732342530151
"417","Cicindela",0.407234549154747,8.94825875186991e-17,26.2191274358437
"418","Cicindela",0.336978308662504,2.52672592756082e-17,26.1309750036491
"419","Cicindela",0.456369410098817,1.33092606143859e-17,26.5731791197082
"420","Cicindela",0.471221287796781,3.00722955204343e-17,26.4555228549112
"421","Cicindela",0.479876895609925,1.45036845325462e-17,26.7866897345817
"422","Cicindela",0.370315923664951,1.64889169314169e-17,26.8193498213999
"423","Cicindela",0.417355042625405,3.71206159843213e-18,26.4770203477037
"424","Cicindela",0.398013014002952,2.28050306014338e-17,26.255950275731
"425","Cicindela",0.356934003716935,3.01221091033396e-18,26.0110523156065
"426","Cicindela",0.445443071799843,2.06228364801767e-17,26.4349878086719
"427","Cicindela",0.351342825965931,3.46269404202223e-17,27.060994481214
"428","Cicindela",0.386222564247096,3.70684052891741e-18,25.7589723296465
"429","Cicindela",0.414303011459322,3.02360832393635e-17,26.4182087394994
"430","Cicindela",0.381543745245949,3.27142623968153e-17,25.8561729542227
"431","Cicindela",0.382635362858233,2.16247070909611e-17,26.4881634555875
"432","Cicindela",0.410586251397495,2.07749501644045e-17,26.5089039815442
"433","Cicindela",0.435822994134298,1.55122677942068e-17,26.964411211516
"434","Cicindela",0.364175687124336,1.11171560648287e-17,26.4140749920969
"435","Cicindela",0.372580984913876,5.23348229516344e-17,25.9409921241661
"436","Cicindela",0.442400929319436,9.12363355105571e-18,26.2351340107458
"437","Cicindela",0.409176921646971,4.06379709872561e-18,27.0137125150875
"438","Cicindela",0.372649487866877,5.5640733970016e-18,26.5884638460026
"439","Cicindela",0.458496084166265,1.23929234210227e-17,26.0678840389153
"440","Cicindela",0.342519322146148,6.69198970875946e-17,26.7431522444145
"441","Cicindela",0.401061525408163,3.6416001404875e-18,26.8140895007757
"442","Cicindela",0.371780923432728,2.17691149467712e-17,26.4057773171272
"443","Cicindela",0.347456885266842,3.37707094271086e-17,26.6399571821929
"444","Cicindela",0.347232736159863,2.75639259104894e-17,25.9739043824789
"445","Cicindela",0.372003762464775,3.28020988313728e-18,25.9596267163525
"446","Cicindela",0.309465562655437,2.71274539723864e-17,27.1747133579812
"447","Cicindela",0.387716878133217,5.21235635846785e-18,25.7209330984797
"448","Cicindela",0.560342603703649,0.00298444723657563,26.6003556136819
"449","Cicindela",0.744526167480465,0.00745713829009469,25.8995299595241
"450","Cicindela",0.375382693359931,3.28204922043667e-17,26.525478093151
"451","Cicindela",0.334712757108955,2.36729442026612e-17,27.1922850401955
"452","Cicindela",0.332706709451211,5.16340974986027e-18,26.5824710661052
"453","Cicindela",0.404289704169952,2.31271288599202e-17,26.6978342125095
"454","Cicindela",0.243196963750886,8.01563190423079e-19,25.8984837839195
"455","Cicindela",0.335774459829828,2.39979665515249e-18,26.0580598122811
"456","Cicindela",0.443825352507738,1.89460815455175e-17,26.7990022941065
"457","Cicindela",0.367485544363086,1.32549177975375e-17,27.0823190460894
"458","Cicindela",0.277833710506579,2.0542502616412e-18,27.2008567190174
"459","Cicindela",0.401023100121831,3.32824786224991e-18,26.1847664861737
"460","Cicindela",0.435853158300033,5.82891959105907e-18,27.2170542784796
"461","Cicindela",0.554588438724842,0.00349114395257461,26.4513060490414
"462","Cicindela",0.354443882447427,3.79308252718319e-18,27.9830729844546
"463","Cicindela",0.454626232008456,6.38949839896059e-17,28.4244008164538
"464","Cicindela",0.394399344505972,3.81298883065813e-18,26.8164247193586
"465","Cicindela",0.411493704632633,2.26290413684352e-17,26.4149890951461
"466","Cicindela",0.456671387714978,7.43257173464222e-18,27.0737259701522
"467","Cicindela",0.335454476715723,6.97216330930485e-18,26.9951389442836
"468","Cicindela",0.482495672735352,7.17992384944305e-18,26.8990970811867
"469","Cicindela",0.377648857514012,3.82135985393585e-18,27.848107935598
"470","Cicindela",0.851396813428204,0.00700999055384583,26.2244637634208
"471","Cicindela",0.405703712922887,3.66137502036662e-17,26.6074881776841
"472","Cicindela",0.473247306689821,5.39326640204521e-18,28.5045505451754
"473","Cicindela",0.328386816897775,4.54391189632132e-18,26.587826320741
"474","Cicindela",0.407859857378392,1.23051504983738e-17,26.6906396771141
"475","Cicindela",0.312897604064898,1.2635626847802e-18,25.7889768573787
"476","Cicindela",0.502614337873747,4.64740501941391e-18,27.09900191597
"477","Cicindela",0.395278695877599,1.34037467260342e-17,27.608049529736
"478","Cicindela",0.303184940359611,2.25797041720166e-18,27.3868400901528
"479","Cicindela",0.326073118843313,2.31834549681478e-18,26.0442517979522
"480","Cicindela",0.367380298166039,3.24535218088677e-18,26.8596707781827
"481","Cicindela",0.397920926198202,1.90119215215059e-18,27.0023514372733
"482","Cicindela",0.564703093806032,6.69953580823429e-18,26.5410334529414
"483","Cicindela",0.35851137892587,1.7911457393366e-17,27.301154749569
"484","Cicindela",0.520590937475077,0.00391464603777398,26.2145954726779
"485","Cicindela",0.367158527447319,2.46263604668012e-17,26.0620759548628
"486","Cicindela",0.408532007445098,3.20256351218113e-18,26.6636913389862
"487","Cicindela",0.360227041383351,1.83532019643826e-17,27.5007222000399
"488","Cicindela",0.375968277141609,9.19536491665962e-18,26.2720175374273
"489","Cicindela",0.329526827765753,4.0197772590147e-18,26.8109969453107
"490","Cicindela",0.405003072441234,3.84620194844326e-18,26.1290479807714
"491","Cicindela",0.335027046064041,2.48849340876123e-18,27.4959496068547
"492","Cicindela",0.743538268283467,0.00905577672016144,24.8943725363266
"493","Cicindela",0.351581835887752,9.79342457105608e-18,27.0804816078519
"494","Cicindela",0.333083322683307,2.49109678851996e-17,27.1149884495899
"495","Cicindela",0.352710710510338,3.72208693872473e-17,26.9495692661244
"496","Cicindela",0.750392498039701,0.00627561364194543,25.7507798490964
"497","Cicindela",0.257124594251665,1.617136307645e-18,26.405467023017
"498","Cicindela",0.359547653118506,5.65770789510487e-18,27.3907400745029
"499","Cicindela",0.473384789542138,4.37999105194434e-18,26.9899521133844
"500","Cicindela",0.212702168476,6.85380514219086e-19,25.6913864804473
"501","Curculionidae",232.659398991536,2.71828181825179,26.142649543033
"502","Curculionidae",86.1620066186114,1.00899354307447,26.1670867440838
"503","Curculionidae",0.662971047124092,1.98673319693649e-17,25.7858317359445
"504","Curculionidae",80.7675434633625,0.945600370560732,26.1528768422582
"505","Curculionidae",0.987439755705187,2.18010528234908e-17,25.4398833192382
"506","Curculionidae",232.378198728674,2.71828181917545,26.1461762406582
"507","Curculionidae",0.545001761161143,6.28286318988935e-18,25.5548690600929
"508","Curculionidae",35.0740392690768,0.409045330805854,26.1852311495748
"509","Curculionidae",57.8435800080452,0.676203410123626,26.1846127405075
"510","Curculionidae",0.540011603238759,5.18945493530778e-18,25.5220322608274
"511","Curculionidae",235.084849053012,2.7182817928433,26.1293152900168
"512","Curculionidae",42.7684379966167,0.500000101189143,26.1766154306972
"513","Curculionidae",0.499183718284573,2.77258245092322e-18,16.4419124049299
"514","Curculionidae",2.26757198311348,0.0252127726280276,25.9096642552137
"515","Curculionidae",232.233132417538,2.71827503644866,26.147869947104
"516","Curculionidae",0.497598879834768,3.96306881611664e-18,26.1121806305009
"517","Curculionidae",232.224838952396,2.71826429115048,26.1480707953018
"518","Curculionidae",0.587651683547058,8.05870425720464e-18,25.3571906867007
"519","Curculionidae",1.82647164546109,0.0203523317320478,25.8307436591425
"520","Curculionidae",0.541378361906317,5.89928776908139e-18,25.3588457535914
"521","Curculionidae",0.561773507419319,6.79351427586065e-18,25.4783800108818
"522","Curculionidae",0.824368959555522,2.43948953650674e-17,9.65292611274609
"523","Curculionidae",233.797173416725,2.7182813262423,26.145547626098
"524","Curculionidae",41.409861512818,0.484810609647766,26.1614583382527
"525","Curculionidae",0.340797084121323,9.64166121474378e-19,25.5320818756034
"526","Curculionidae",0.701352555015275,1.88692869642731e-16,24.9337782392198
"527","Curculionidae",1.70838502484881,0.0193093238907733,25.8091175442201
"528","Curculionidae",2.29413077751051,0.0251322310384904,25.7973238004457
"529","Curculionidae",2.03921439768124,0.0218151158855399,25.9350113661096
"530","Curculionidae",95.3081189596862,1.11603118589228,26.1567414278512
"531","Curculionidae",33.5479616727152,0.392512969466256,26.147981154855
"532","Curculionidae",2.4794465384588,0.0274430532779604,25.9093520069542
"533","Curculionidae",0.726755495461415,1.55644245934257e-16,23.0974186582259
"534","Curculionidae",169.676604091931,1.98655900395148,26.1532201405983
"535","Curculionidae",0.408762447963345,1.89629430932749e-18,25.4756464916606
"536","Curculionidae",238.311001670838,2.71828182619831,26.1667377522795
"537","Curculionidae",237.743588468478,2.71828181830568,26.1375037680224
"538","Curculionidae",0.591815173874739,7.76600116559255e-18,25.3725087708672
"539","Curculionidae",232.385347524604,2.71828173560648,26.1459035036332
"540","Curculionidae",0.565453512235741,1.04487848243949e-17,26.8564366134218
"541","Curculionidae",0.506700567556491,4.5207953178118e-18,25.505068618733
"542","Curculionidae",0.408628087719246,2.2703438100224e-18,25.4359586831771
"543","Curculionidae",2.05048838058978,0.0222477983455497,25.9574635868925
"544","Curculionidae",63.7733732527835,0.746539261207246,26.1300820908415
"545","Curculionidae",238.954156032321,2.71828180152686,26.1364786470793
"546","Curculionidae",38.0897287700139,0.445114726711533,26.1869592504715
"547","Curculionidae",0.49661641268942,5.23271384166826e-18,25.5833010780632
"548","Curculionidae",0.813506071166859,1.15736368587958e-17,28.1638420732474
"549","Curculionidae",0.445297864839595,3.27650518072285e-18,25.6015641306791
"550","Curculionidae",0.37250868312221,1.59455091763608e-18,25.9510799716153
"551","Curculionidae",2.28373802867348,0.0248777875349947,25.889238228206
"552","Curculionidae",232.294100009686,2.71828114585151,26.1470631195639
"553","Curculionidae",114.748813256184,1.3436980630169,26.1574566482441
"554","Curculionidae",1.31470562506374,0.0150425424630254,25.7672387757637
"555","Curculionidae",16.9645641567212,0.198042247003702,26.0853545710698
"556","Curculionidae",99.3264662657582,1.16318372733927,26.1676282827417
"557","Curculionidae",2.88504174359571,0.0326218175612116,25.7995407640037
"558","Curculionidae",232.224460831832,2.71828003947108,26.1480480657145
"559","Curculionidae",81.7641003055843,0.957174881205692,26.1506351270798
"560","Curculionidae",232.358386142138,2.71828182845905,26.147266853016
"561","Curculionidae",0.24804794757749,6.77944884002922e-19,25.9037871574754
"562","Curculionidae",231.064338073993,2.70467833899767,26.1481202197931
"563","Curculionidae",150.338571285274,1.75998710958091,26.1711127660585
"564","Curculionidae",232.263851710257,2.71828011623574,26.1474445406656
"565","Curculionidae",2.33451699820389,0.0253964029081123,25.9157341689942
"566","Curculionidae",0.806284486509296,1.67001966031822e-17,26.1952108284883
"567","Curculionidae",2.12255659432445,0.0230232247266611,25.694160541846
"568","Curculionidae",232.393824598669,2.71828175105274,26.1456557184808
"569","Curculionidae",31.6789144598257,0.370500973784505,26.1458722450143
"570","Curculionidae",0.466747953718192,4.53470945921489e-18,25.3152215471033
"571","Curculionidae",0.492643506765205,1.01461254560434e-16,27.7544937608338
"572","Curculionidae",232.806754058314,2.71828159938643,26.141129612488
"573","Curculionidae",232.824032794684,2.71828182845048,26.1413883585621
"574","Curculionidae",1.66483610010644,0.0184405794004096,25.8674794949248
"575","Curculionidae",17.5716828829854,0.205216635774149,26.1206075061311
"576","Curculionidae",80.8180162835092,0.946409375668939,26.168170211427
"577","Curculionidae",31.02134594319,0.362641390158449,26.1459746638969
"578","Curculionidae",36.2652254445212,0.424270480284242,26.1696382142512
"579","Curculionidae",1.98864670448337,0.0221055688009269,25.8585595763214
"580","Curculionidae",66.2276172555184,0.775446314054591,26.1700022694454
"581","Curculionidae",97.6290727507934,1.14333110059797,26.1672317978344
"582","Curculionidae",20.0152255884077,0.233339844303586,26.1520330122251
"583","Curculionidae",1.26668743844355,0.0143503874135477,25.712714798712
"584","Curculionidae",232.185430387738,2.71827943797874,26.1607620164459
"585","Curculionidae",30.3325996804852,0.355649890352418,26.1267621130671
"586","Curculionidae",2.18171574664089,0.0244937753951824,25.7941537424926
"587","Curculionidae",232.553160512052,2.7182812724975,26.1442268578694
"588","Curculionidae",67.4424040290187,0.78950996473884,26.1501784227803
"589","Curculionidae",3.52755194002296,0.0385994885644538,25.9413490504007
"590","Curculionidae",232.225113790759,2.71827939414099,26.1482105000828
"591","Curculionidae",0.23939212313766,4.29003370707512e-19,25.3007195781593
"592","Curculionidae",121.695712704606,1.42524670521793,26.1630972370129
"593","Curculionidae",187.38127996274,2.19377047506228,26.1525156423381
"594","Curculionidae",2.23960766414994,0.0242901615094417,25.8877383382231
"595","Curculionidae",232.250187228864,2.71828061721728,26.1477894508195
"596","Curculionidae",1.45913363356839,0.0158373420380184,25.4931758621982
"597","Curculionidae",1.90495751104257,0.0208022363743517,25.8129612609576
"598","Curculionidae",233.779175401818,2.71828182102417,26.1376771481588
"599","Curculionidae",64.6035612914262,0.750418131652141,26.1819890869922
"600","Curculionidae",232.561843641442,2.71828181824753,26.1438710643637
"601","Ips",0.146955298558739,1.19624575433599e-17,26.3302772124879
"602","Ips",0.131731771658401,8.8882633715361e-18,27.6701475999158
"603","Ips",0.132269265713938,7.26443721047962e-18,27.0153522081097
"604","Ips",0.202447999260521,1.31950991970235e-17,33.1757269443689
"605","Ips",0.125230588892842,2.8989949725247e-17,27.2363574910518
"606","Ips",0.141202832046111,1.55259779768471e-17,27.6058517700882
"607","Ips",0.119729117113281,4.67094615495365e-18,27.5869562208347
"608","Ips",0.150945020934955,8.89658914773355e-18,27.5544415643653
"609","Ips",0.130262915297964,8.86848249712658e-18,27.0685439828469
"610","Ips",0.122916289737583,1.63536136096935e-17,27.2156506637773
"611","Ips",0.193382178355951,1.06713289204383e-17,23.0033606350233
"612","Ips",0.156618866694289,8.293122150609e-18,27.1490316290245
"613","Ips",0.119475715615965,1.77862852645929e-17,27.6108042165599
"614","Ips",0.130706146648894,8.32206234575962e-18,27.9129591274578
"615","Ips",0.138144357764242,1.83453025393925e-17,27.6046051843126
"616","Ips",0.127153334723784,1.64671499035734e-17,27.3053333317784
"617","Ips",0.145636725010008,7.87423012410869e-18,27.3488452168011
"618","Ips",0.126718143330531,1.58834347671289e-17,27.8042936069801
"619","Ips",0.130069389524811,8.32047185504267e-18,27.1592910066113
"620","Ips",0.158402590408468,8.93030920248169e-18,27.3174835353254
"621","Ips",0.129389071960498,1.63226575762407e-17,27.3786003977429
"622","Ips",0.128802705987098,3.55097044549332e-17,26.3440314089626
"623","Ips",0.139926241663622,2.08124842983443e-17,26.909376358548
"624","Ips",1.6737531666046,6.73462535585176e-18,9.58464186822791
"625","Ips",0.127316349614985,1.73586815612202e-17,26.1531711510757
"626","Ips",0.130450251450623,1.73156900741849e-17,27.2953512846509
"627","Ips",0.124871793808452,9.20667789711069e-18,27.6888201321502
"628","Ips",0.126084947844216,7.97244143936377e-18,27.1342599345178
"629","Ips",0.13025893752949,7.6663037967903e-18,27.514688000149
"630","Ips",0.128358658344924,4.36873790566476e-18,27.390570976518
"631","Ips",0.138795190780002,1.76718832336705e-17,27.6524764241834
"632","Ips",0.127702209274832,1.52781715671642e-17,27.6863956768237
"633","Ips",0.127508389779234,1.84224114993779e-17,27.1859455266795
"634","Ips",0.351193528656318,1.53057638034722e-17,17.3192361924942
"635","Ips",0.136090519252156,1.85487065795653e-17,27.4980046982409
"636","Ips",0.143634843113073,1.09136197803517e-17,24.2608662730475
"637","Ips",0.144700651065631,8.55183861824789e-18,29.9520950430842
"638","Ips",0.122615871223823,1.69714111424195e-17,27.1306649904134
"639","Ips",0.170685131267568,5.87656472004161e-18,24.3338477088459
"640","Ips",0.128351289732551,9.66547897395331e-18,27.3347023061049
"641","Ips",0.150473519846254,1.7078352827906e-17,27.1223337281525
"642","Ips",0.132282636655656,9.02690823550231e-18,27.1838320550334
"643","Ips",0.122742351088089,1.44674656235602e-17,26.8599925054625
"644","Ips",0.143312985648127,2.38954507996373e-17,23.0061625419399
"645","Ips",0.133950767761791,1.38853161607751e-17,27.9940316723931
"646","Ips",0.153925908405112,5.67975426761404e-18,24.6505267974642
"647","Ips",0.147891707549636,9.28408474860776e-18,27.2020593703322
"648","Ips",0.127928487762722,1.54178185015281e-17,27.7418800401019
"649","Ips",0.118123512464237,1.96060739676235e-17,26.9754945612078
"650","Ips",0.159676186328695,1.50317135558805e-17,27.5437216970738
"651","Ips",0.288756766296639,1.15045312558994e-17,16.6570074525684
"652","Ips",0.104424488423243,1.23097831153897e-17,27.2451984920245
"653","Ips",0.0943517437526492,1.31482459475311e-17,26.1458908064125
"654","Ips",0.112629982462167,1.27463185963313e-17,26.8003078155175
"655","Ips",0.0936826177247347,5.01552799029638e-17,27.3386298318596
"656","Ips",0.115983654717271,6.70911541134386e-18,27.5000817768359
"657","Ips",0.0454384458894499,6.07472623349318e-18,24.9766495781014
"658","Ips",0.0961654831222754,2.31966203258906e-17,26.6122213597565
"659","Ips",0.100951129138974,4.09321782043982e-18,24.8085755912874
"660","Ips",0.0996494919748808,1.21809793958081e-17,26.6704541591574
"661","Ips",0.109580770257285,1.28627691641686e-17,27.2581851963184
"662","Ips",0.113587675624068,4.77054835352569e-18,28.3204272343187
"663","Ips",0.0957331136062145,1.33213697971964e-17,26.8775124534739
"664","Ips",0.116175021256042,6.38071412975012e-18,25.0101320806335
"665","Ips",0.107478544887821,6.16222881747204e-18,27.577073300177
"666","Ips",0.105345825198945,1.37536013016409e-17,26.6782754748863
"667","Ips",0.16903344330952,9.47994946846549e-18,22.7507281550097
"668","Ips",0.108241195419338,1.29223543535095e-17,26.716589475837
"669","Ips",0.103106615726025,2.21655689245875e-17,28.1396486998537
"670","Ips",0.102396686748281,1.30748672924468e-17,27.2926015440063
"671","Ips",0.237586256083182,9.79066425587499e-18,28.4610978479706
"672","Ips",0.128270914332339,1.54300759579363e-17,28.2096284432354
"673","Ips",0.115693685375369,6.21652714431458e-18,27.4447905277497
"674","Ips",0.097695739295726,1.28170561149474e-17,27.3108978603239
"675","Ips",0.101003078066223,2.45725027575912e-17,27.2760547878755
"676","Ips",0.0963819120028206,5.54752676770601e-18,27.9517380267097
"677","Ips",0.0950466177623893,1.10591665639284e-17,28.0681572341304
"678","Ips",0.127102155101624,5.95277813800467e-18,23.8435850867524
"679","Ips",0.135816283751988,9.46045296031018e-18,23.4875423494493
"680","Ips",0.110539515985541,6.6282572395319e-18,27.2810615162012
"681","Ips",2.19614977189562,4.14665065764056e-18,2.39509929604569
"682","Ips",0.0927196681830598,2.01876307093671e-17,26.4739655876548
"683","Ips",0.109482586219557,3.65759123727064e-18,27.1194319680233
"684","Ips",0.129457850055389,5.56734517714501e-18,22.1525089578473
"685","Ips",0.106332860058797,2.58979636440592e-17,27.449168910825
"686","Ips",0.184199384511812,8.19523422349821e-18,17.9361908321235
"687","Ips",0.111624925623019,1.93195689150005e-12,27.583052458526
"688","Ips",0.112125300567974,2.28670287698157e-17,27.0519181431284
"689","Ips",0.190561644392928,3.43619933882775e-17,17.8636298639832
"690","Ips",0.246899388715128,4.59121931029276e-18,17.7234688627086
"691","Ips",0.0966907482339524,2.25916067840732e-17,27.0849837872166
"692","Ips",0.10269602949443,1.25883897461952e-17,26.1337869154406
"693","Ips",0.103192273309573,1.13017959628638e-17,27.2628907636179
"694","Ips",0.102633428419748,9.62227556131802e-18,23.5868148674698
"695","Ips",0.397812438561227,1.69709437810712e-17,28.2037833878684
"696","Ips",0.176223748287049,5.31927350553666e-17,19.6073402527386
"697","Ips",0.0997102233831491,6.38659859848045e-18,26.3747972702658
"698","Ips",0.100011458543398,6.1803829476541e-18,26.9517278639777
"699","Ips",0.100547193068375,2.50417575359807e-18,25.8052176859948
"700","Ips",0.106339367933686,6.1716648772979e-18,26.849878781175
"701","Scarabaeidae",0.187816771641891,0.0183461678396292,19.4019604321106
"702","Scarabaeidae",0.253635976576154,0.02599185719348,19.4354273885492
"703","Scarabaeidae",0.15021891020384,0.0145970290812036,19.3650541809235
"704","Scarabaeidae",0.655449139498535,0.0668725967728623,19.3412331960055
"705","Scarabaeidae",0.101143512963152,3.69119340505298e-17,17.8579844433034
"706","Scarabaeidae",0.0847819691592999,1.23483300919856e-17,19.0026119447313
"707","Scarabaeidae",0.0742435978195975,4.31665753456916e-17,19.2547439686834
"708","Scarabaeidae",25.9306085001001,2.71828182845905,19.3437024593152
"709","Scarabaeidae",0.0720516544923545,2.86297063658165e-17,18.9920941287936
"710","Scarabaeidae",0.177108853817744,0.0177685343466502,19.4772346519817
"711","Scarabaeidae",0.519156353247893,0.0538230245202177,19.4066894494445
"712","Scarabaeidae",0.483873633026388,0.0501975513656643,19.409793190103
"713","Scarabaeidae",0.113353704293463,1.08513961249261e-17,19.4020122644666
"714","Scarabaeidae",0.0615484335179814,1.78863158705285e-17,18.7249283950983
"715","Scarabaeidae",25.986285719217,2.71828182845905,19.3454984120683
"716","Scarabaeidae",0.0655725502339571,1.73786727058442e-17,18.7376448097418
"717","Scarabaeidae",0.263533855219594,0.0251270811048699,19.3814106936865
"718","Scarabaeidae",0.0886249801334525,4.07642673924034e-17,18.6174448052502
"719","Scarabaeidae",0.0651667476133427,4.58972155608705e-17,19.4465931930092
"720","Scarabaeidae",2.68771450746537,0.281455555953719,19.3422678991494
"721","Scarabaeidae",0.116610778354473,0.0109376726960978,19.3962201412802
"722","Scarabaeidae",0.122419183361769,1.49790679064449e-17,16.5214056971604
"723","Scarabaeidae",0.0722976995167255,1.365962037943e-17,17.6317100044929
"724","Scarabaeidae",25.9597134016902,2.71828182845905,19.3451688093921
"725","Scarabaeidae",0.0622858689385805,2.3516604300614e-17,19.3853731077282
"726","Scarabaeidae",0.297125223849545,0.0296675496055741,19.4122272129005
"727","Scarabaeidae",25.9306923529043,2.71827991943447,19.3437576484243
"728","Scarabaeidae",0.0448594397707371,2.25838114351167e-18,19.050395845752
"729","Scarabaeidae",0.074170954114468,1.56062253017953e-17,15.6033465254652
"730","Scarabaeidae",25.9306404357733,2.71828182845905,19.3437053402388
"731","Scarabaeidae",25.9310066208986,2.71827967133706,19.3437523950432
"732","Scarabaeidae",0.0707736165131854,2.58173290802082e-17,20.6282386442347
"733","Scarabaeidae",0.146166702633452,0.0143667432796032,19.4025538215926
"734","Scarabaeidae",0.0631388582665278,1.258547052169e-17,19.1772255625958
"735","Scarabaeidae",0.194928101696464,0.0192765048360607,19.3626157277484
"736","Scarabaeidae",0.191233433694738,0.0180425531247599,19.3255207171955
"737","Scarabaeidae",0.0748238501692404,9.70701483497917e-17,19.1988838584002
"738","Scarabaeidae",0.718450082518504,0.072883343300943,19.3475334967871
"739","Scarabaeidae",0.0748542015187255,2.96950843481325e-17,15.603116295166
"740","Scarabaeidae",25.9304733185707,2.71827500678441,19.3437013595021
"741","Scarabaeidae",0.0840858041763744,1.53838259184661e-17,16.9312054342659
"742","Scarabaeidae",0.167075465369392,0.0167571627553298,19.4497124850775
"743","Scarabaeidae",0.341482713152671,0.0332051405606936,19.3821411682333
"744","Scarabaeidae",0.0821000823359289,1.28489509228121e-17,19.1765656114195
"745","Scarabaeidae",26.0484847630122,2.71828182845905,19.3460964572841
"746","Scarabaeidae",0.0759719375507796,2.06462478861498e-17,19.2448677565352
"747","Scarabaeidae",0.0759064159625017,2.07667597879519e-17,19.3215681191621
"748","Scarabaeidae",25.9374676506087,2.71827642762871,19.3441841402831
"749","Scarabaeidae",0.0806256660265022,4.14181412925728e-17,19.0549932272537
"750","Scarabaeidae",25.9292444269399,2.71816063841619,19.3437071628556
"751","Scarabaeidae",0.315531599251332,0.0341978506887281,19.4578756309565
"752","Scarabaeidae",25.9311710303457,2.71827942799209,19.3437574904242
"753","Scarabaeidae",0.862978129006231,0.0863248155949664,19.3673620563986
"754","Scarabaeidae",0.772961609042583,0.0839711955950911,19.4113837123636
"755","Scarabaeidae",2.54371176675926,0.266320607640387,19.3442150269101
"756","Scarabaeidae",0.246234960515746,0.0253041735880584,19.4099697860207
"757","Scarabaeidae",25.9314499473081,2.71828182845905,19.3438206175306
"758","Scarabaeidae",25.9305640725891,2.71828182845905,19.3437001613636
"759","Scarabaeidae",6.73620675263571,0.706153480517697,19.3436460570282
"760","Scarabaeidae",25.9305839378429,2.71828182845905,19.3437008319635
"761","Scarabaeidae",4.03920027598165,0.4230387107696,19.3425939469621
"762","Scarabaeidae",0.244804721585669,0.0241480397596644,19.4135911109506
"763","Scarabaeidae",25.9307836073502,2.71828182845905,19.3437243666979
"764","Scarabaeidae",25.9353110973936,2.71827831228544,19.3443954415744
"765","Scarabaeidae",25.9367600049696,2.7182805620039,19.3442690404782
"766","Scarabaeidae",25.9486697599419,2.71828182845905,19.3446213674429
"767","Scarabaeidae",25.7892646385787,2.70343436477607,19.3437011528983
"768","Scarabaeidae",3.06367100906648,0.320554802653476,19.3413806452743
"769","Scarabaeidae",25.9306662783991,2.71828182845905,19.343733948756
"770","Scarabaeidae",9.71407314266363,1.01832850457022,19.3433689612594
"771","Scarabaeidae",15.4358103016397,1.6181247501066,19.3437000333109
"772","Scarabaeidae",25.9389666481457,2.71828182845905,19.3446511533385
"773","Scarabaeidae",12.4593448022312,1.30323608317755,19.3432811273131
"774","Scarabaeidae",0.292853808788781,0.0295423182147944,19.3843864272512
"775","Scarabaeidae",25.9318347310718,2.71828182845905,19.3437802365303
"776","Scarabaeidae",0.404574830236617,0.0417090740642868,19.3928720870148
"777","Scarabaeidae",25.9386357817922,2.71828182845905,19.3446401843337
"778","Scarabaeidae",11.2516812715307,1.17950823227303,19.3436579898547
"779","Scarabaeidae",15.6016147385992,1.63551974176335,19.3435638665958
"780","Scarabaeidae",8.27996933745603,0.86799532449773,19.3433931669442
"781","Scarabaeidae",25.8962950304281,2.71470655363869,19.3437094377275
"782","Scarabaeidae",25.9306786193837,2.71828142435853,19.3437051048203
"783","Scarabaeidae",2.47046543794958,0.258383046948966,19.3427023168685
"784","Scarabaeidae",14.2884338439355,1.4979815337884,19.3437841387585
"785","Scarabaeidae",1.32672232631513,0.138503597419015,19.3678349884049
"786","Scarabaeidae",0.817483523096056,0.0850689449448354,19.371801847991
"787","Scarabaeidae",3.44570939582318,0.360736034074964,19.3414818053797
"788","Scarabaeidae",0.235290546395646,0.023448773869568,19.4013993945963
"789","Scarabaeidae",25.9310105283739,2.71828182845905,19.3437318181855
"790","Scarabaeidae",8.44697218062937,0.885366313023231,19.3431888420899
"791","Scarabaeidae",26.1323441650952,2.71828182845905,19.3508545444902
"792","Scarabaeidae",24.2768170076277,2.54492063069516,19.3436999768189
"793","Scarabaeidae",25.9305519086151,2.71828182845905,19.3437013333242
"794","Scarabaeidae",25.9304198804032,2.71828182845905,19.343700192929
"795","Scarabaeidae",25.9307787948446,2.71828182845905,19.3437182684894
"796","Scarabaeidae",25.9440728006876,2.71828182845905,19.3446396978702
"797","Scarabaeidae",25.9305799600896,2.71828182845905,19.3437004911841
"798","Scarabaeidae",0.458770705752111,0.0480497357243009,19.4079677270593
"799","Scarabaeidae",0.049101732680821,2.75305659312642e-18,19.3501688418858
"800","Scarabaeidae",25.9298030733766,2.7182027682504,19.3436989164939
"801","Timarcha",0.516153162935967,2.17605231565012e-17,28.9395876492478
"802","Timarcha",0.484538623876881,2.97572399620256e-17,28.810091942647
"803","Timarcha",0.94972164492931,1.34868193814178e-16,10.6367570216304
"804","Timarcha",0.412021773413341,3.2984496104896e-17,29.5689029519556
"805","Timarcha",0.537369390604409,5.35433571276349e-17,31.8575112798007
"806","Timarcha",0.374724539078768,1.92842467472152e-17,29.6315470545484
"807","Timarcha",0.665662861709175,3.90256332010314e-17,28.7386918015281
"808","Timarcha",0.375105533066159,8.05783955208087e-17,30.3575385833441
"809","Timarcha",0.439096666793563,1.9436966189396e-17,29.0496900313652
"810","Timarcha",0.686049081040127,6.80596486332728e-17,15.7076452127917
"811","Timarcha",0.334452198376446,3.35245855570848e-17,28.7818731937508
"812","Timarcha",0.423325420825372,4.07485607805067e-17,20.969502256592
"813","Timarcha",0.56427810141566,2.92324588688743e-17,22.6893623406136
"814","Timarcha",0.739097471623035,1.61415948578209e-16,22.3849652008896
"815","Timarcha",0.558139488148112,1.23660802366227e-17,30.8851740654479
"816","Timarcha",0.522897045165106,2.29690690039997e-17,29.4446178298328
"817","Timarcha",0.405324749376696,2.39161937409703e-17,28.2377448166108
"818","Timarcha",0.488383220258486,3.28433411027985e-17,29.8320679554487
"819","Timarcha",0.573602076050979,9.41148074686612e-17,20.4176188779455
"820","Timarcha",0.392812938715589,1.02435436610498e-16,29.6706845284445
"821","Timarcha",1.05966983974149,1.43061267217781e-17,14.8642964155665
"822","Timarcha",0.570407416857069,7.59761582568386e-17,29.2328972485695
"823","Timarcha",0.694943484647728,6.27726633858173e-17,15.471836472182
"824","Timarcha",0.35132930636537,4.91224625032353e-17,30.4186994530167
"825","Timarcha",0.621243839354874,1.28851416898315e-17,27.0922093362866
"826","Timarcha",1.21013416789096,2.32992097904529e-17,9.17815846946655
"827","Timarcha",0.399632967093408,4.85709710655e-17,28.1550550986799
"828","Timarcha",0.392214280363301,2.0937868818848e-17,29.2220967257927
"829","Timarcha",0.466468995004354,1.57711058074196e-15,29.13480396385
"830","Timarcha",0.450921993106672,2.60704153401616e-17,24.7818685695258
"831","Timarcha",0.425483195238103,2.12134930174558e-16,28.4143970107551
"832","Timarcha",0.890596748672154,3.14289403048822e-17,17.6570233570337
"833","Timarcha",0.462280984805438,2.00797283565251e-16,28.4965205337597
"834","Timarcha",0.522080789245803,1.47767893194751e-17,20.2016504807738
"835","Timarcha",0.64447563725898,1.98154013775379e-16,16.3761205054241
"836","Timarcha",0.397113732682354,3.07261587202267e-17,32.5012474710425
"837","Timarcha",0.461394252347639,2.44846221895769e-16,30.46112037324
"838","Timarcha",0.753057204277788,3.54163006592621e-15,14.7542480699475
"839","Timarcha",0.349814931306803,7.97604591637709e-17,29.0121352225986
"840","Timarcha",0.51564144805806,1.16655246386429e-17,28.6795576159724
"841","Timarcha",0.412876317223544,3.15266131584036e-16,29.829649423184
"842","Timarcha",0.473707918473531,7.09822277324438e-17,29.0384594047359
"843","Timarcha",0.596396406412048,6.83963916137232e-17,22.322019922309
"844","Timarcha",0.685938402554823,1.66061207201388e-16,24.1974983552503
"845","Timarcha",1.03080158587073,3.7817210063826e-17,5.81718216793012
"846","Timarcha",0.641174532258961,8.00657113740779e-17,29.1930597370748
"847","Timarcha",0.358838913425675,6.18796808569866e-17,26.134158228137
"848","Timarcha",0.375309539685197,2.0582561748945e-17,30.6400848171978
"849","Timarcha",0.476882726134422,8.24585060842681e-17,28.7765457255259
"850","Timarcha",0.700741924613048,4.5776436888272e-16,13.3737535071538
"851","Timarcha",0.374919648264092,3.55988893954622e-16,24.7437378368618
"852","Timarcha",0.467965696752273,2.41367829783797e-17,29.1946027614309
"853","Timarcha",0.383227115899543,3.08489053610493e-17,28.9884534458747
"854","Timarcha",0.396937686985954,2.46727283071228e-17,29.5422292663321
"855","Timarcha",0.35729639277276,1.27463130783008e-16,29.5889217561373
"856","Timarcha",0.502654864888709,1.09409248707737e-16,23.6175777223781
"857","Timarcha",1.21137090493316,4.28664150862563e-17,10.1088454507785
"858","Timarcha",0.423644696528036,1.65541538900903e-16,24.8282380994468
"859","Timarcha",0.398502795305324,1.33049555388949e-17,28.9597014243947
"860","Timarcha",0.89862385964576,4.32102161226217e-17,3.89141060732137
"861","Timarcha",0.305329219488856,7.42947957925318e-15,30.2342213366485
"862","Timarcha",0.48814108287828,3.79724610383844e-17,29.3430547348979
"863","Timarcha",0.416780202814773,4.59822073214933e-16,28.8920410805783
"864","Timarcha",0.364611817266726,4.08476118884137e-17,27.6868492053313
"865","Timarcha",0.365727806527899,1.75470444994865e-16,29.2854382522903
"866","Timarcha",0.337870734113224,1.02694153464388e-17,29.4508158751121
"867","Timarcha",0.80129996024902,1.82232798244849e-17,9.74758263128133
"868","Timarcha",0.331312239177614,1.1228356138802e-16,28.2060521611141
"869","Timarcha",0.370473561303847,1.02708643439593e-15,29.0866630165976
"870","Timarcha",0.512579415605345,1.50107822074919e-17,22.2280132402723
"871","Timarcha",0.540483154775411,6.91912018788439e-17,17.2082542319022
"872","Timarcha",0.315189011174528,2.17842187829024e-17,25.1702235754134
"873","Timarcha",0.52548031621447,4.91251726839854e-17,18.9521178791446
"874","Timarcha",0.312827072720108,1.21705506937991e-17,30.3561313382632
"875","Timarcha",0.406235946226895,1.62013237784513e-17,29.235633925904
"876","Timarcha",0.361998236603396,6.69231031479781e-17,28.6499645644301
"877","Timarcha",0.435109599418991,1.2626124706621e-16,29.4328667742369
"878","Timarcha",0.455737287236205,4.20227983621315e-17,30.0452510571261
"879","Timarcha",0.580172005197662,2.78736977959778e-17,29.5817207825839
"880","Timarcha",0.523776321769032,1.22867514636945e-17,13.234934217899
"881","Timarcha",0.372249187883539,2.65494144914279e-17,28.370692317178
"882","Timarcha",0.360180587246764,1.90443796745552e-17,29.5731410086443
"883","Timarcha",0.345365307686856,3.86964591657926e-17,29.1588669439789
"884","Timarcha",0.354695552975398,6.2406535997335e-16,30.1468108783458
"885","Timarcha",0.429938044716504,2.17857736467462e-17,28.0024996108443
"886","Timarcha",0.430850382474742,8.24498949015465e-17,27.8232800492193
"887","Timarcha",0.689264557897601,4.15371783753207e-17,30.3461433429756
"888","Timarcha",0.317603986240407,2.09626558327737e-17,30.0885709296342
"889","Timarcha",0.375839766060171,1.8480136976788e-17,28.9741870415043
"890","Timarcha",0.374827914599449,3.0309994913021e-17,29.5796088557611
"891","Timarcha",0.5571544199036,3.50158379742609e-17,29.7141819131777
"892","Timarcha",0.317752661623699,2.61378307262705e-16,34.2223102465181
"893","Timarcha",0.409867569490085,3.32042043089233e-17,30.2408277601686
"894","Timarcha",0.517522486208578,3.09401711349877e-17,20.6046347636219
"895","Timarcha",0.520517135147288,3.37413215502872e-17,28.9893777119867
"896","Timarcha",0.381518015765033,2.33043260176414e-17,15.2005650559985
"897","Timarcha",0.389118675669387,7.90174360604668e-17,27.3792663414111
"898","Timarcha",0.433305019143393,2.02122248357428e-17,29.8042513346065
"899","Timarcha",0.343594013749676,2.21018658606811e-17,28.3056556428856
"900","Timarcha",0.380949867276644,1.89743950008212e-17,28.7180462210823
